{"cameraMode":{"drawMode":0,"name":"Shaded","section":"Shading Mode"},"sceneLighting":true,"audioPlay":false,"sceneViewState":{"showFog":true,"showMaterialUpdate":false,"showSkybox":true,"showFlares":true,"showImageEffects":true,"showParticleSystems":true},"in2DMode":false,"pivot":{"x":-0.6031535863876343,"y":-13.50625228881836,"z":30.13018798828125},"rotation":{"x":-0.21314486861228944,"y":0.012307533994317055,"z":-0.002685139887034893,"w":-0.9769401550292969},"size":22.363555908203126,"orthographic":false}