{"cameraMode":{"drawMode":0,"name":"Shaded","section":"Shading Mode"},"sceneLighting":true,"audioPlay":false,"sceneViewState":{"showFog":true,"showMaterialUpdate":false,"showSkybox":true,"showFlares":true,"showImageEffects":true,"showParticleSystems":true},"in2DMode":false,"pivot":{"x":1.041060209274292,"y":-2.1646323204040529,"z":-3.230576753616333},"rotation":{"x":0.39713677763938906,"y":0.030272196978330613,"z":-0.013114750385284424,"w":0.9172232747077942},"size":4.133826732635498,"orthographic":false}