{"cameraMode":{"drawMode":0,"name":"Shaded","section":"Shading Mode"},"sceneLighting":true,"audioPlay":false,"sceneViewState":{"showFog":true,"showMaterialUpdate":false,"showSkybox":true,"showFlares":true,"showImageEffects":true,"showParticleSystems":true},"in2DMode":false,"pivot":{"x":61.9461784362793,"y":-23.292665481567384,"z":226.82693481445313},"rotation":{"x":-0.058007750660181048,"y":-0.1251675933599472,"z":0.00732152396813035,"w":-0.9904547333717346},"size":121.45081329345703,"orthographic":false}